doc_id,dataset,split,n_tokens,n_boxes,company_present,date_present,address_present,total_present,company_len,date_len,address_len,total_len,company_in_ocr,date_in_ocr,address_in_ocr,total_in_ocr,exact_total_matches,n_amount_like_tokens,n_date_like_tokens,has_total_anchor,has_date_anchor,has_cash_anchor
000,SROIE,train,44,44,True,True,True,True,31,10,70,4,False,True,False,True,3,7,0,True,True,True
001,SROIE,train,48,48,True,True,True,True,22,10,63,5,True,True,False,True,1,11,0,True,False,True
002,SROIE,train,54,54,True,True,True,True,25,8,118,5,False,True,False,True,0,12,0,True,False,True
003,SROIE,train,60,60,True,True,True,True,19,10,44,5,True,True,False,True,1,16,1,True,True,True
004,SROIE,train,61,61,True,True,True,True,21,8,116,5,True,True,False,True,0,15,0,True,False,True
005,SROIE,train,35,35,True,True,True,True,14,10,70,5,True,True,False,True,3,8,0,True,True,True
006,SROIE,train,93,93,True,True,True,True,30,10,61,6,True,True,False,True,4,41,0,True,True,True
007,SROIE,train,28,28,True,True,True,True,38,10,60,5,True,True,False,True,5,8,0,True,False,True
008,SROIE,train,76,76,True,True,True,True,20,10,64,6,True,True,True,True,2,28,0,True,True,True
009,SROIE,train,43,43,True,True,True,True,32,10,88,5,True,True,False,True,2,8,0,True,False,True
010,SROIE,train,51,51,True,True,True,True,18,10,49,5,True,True,True,True,0,6,1,True,False,True
011,SROIE,train,58,58,True,True,True,True,49,10,80,5,True,True,False,True,4,13,0,True,True,True
012,SROIE,train,47,47,True,True,True,True,33,10,98,5,True,True,False,True,5,11,0,True,True,True
013,SROIE,train,60,60,True,True,True,True,21,10,71,5,True,True,False,True,5,13,0,True,True,True
014,SROIE,train,119,119,True,True,True,True,9,10,65,5,True,True,False,True,1,52,0,True,True,True
015,SROIE,train,44,44,True,True,True,True,33,10,98,5,True,True,False,True,5,11,0,True,True,True
016,SROIE,train,82,82,True,True,True,True,25,10,78,5,True,True,False,True,2,14,0,True,True,True
017,SROIE,train,76,76,True,True,True,True,25,10,78,5,True,True,False,True,2,12,0,True,True,True
018,SROIE,train,75,75,True,True,True,True,25,10,77,5,True,True,False,True,2,12,0,True,True,True
019,SROIE,train,46,46,True,True,True,True,24,8,45,5,True,True,True,True,3,6,0,True,True,False
020,SROIE,train,59,59,True,True,True,True,30,10,44,5,True,True,False,True,1,17,1,True,True,True
021,SROIE,train,68,68,True,True,True,True,27,10,64,4,True,True,False,True,2,20,0,True,True,True
022,SROIE,train,41,41,True,True,True,True,16,10,69,4,True,True,False,True,3,10,0,True,False,True
023,SROIE,train,62,62,True,True,True,True,27,10,63,5,True,True,False,True,2,15,0,True,True,True
024,SROIE,train,66,66,True,True,True,True,27,10,62,5,True,True,False,True,2,17,0,True,True,True
025,SROIE,train,71,71,True,True,True,True,27,10,61,5,True,True,False,True,2,19,0,True,True,True
026,SROIE,train,94,94,True,True,True,True,27,10,64,6,False,True,False,True,2,33,0,True,True,True
027,SROIE,train,48,48,True,True,True,True,22,8,96,5,True,True,False,True,0,7,0,True,False,True
028,SROIE,train,28,28,True,True,True,True,17,8,74,4,True,True,False,True,2,4,1,True,False,True
029,SROIE,train,53,53,True,True,True,True,25,8,59,5,True,True,True,True,3,12,0,True,True,True
030,SROIE,train,39,39,True,True,True,True,30,11,73,5,True,True,False,True,1,4,0,True,False,True
031,SROIE,train,39,39,True,True,True,True,16,10,81,5,True,True,False,True,3,9,0,True,False,True
032,SROIE,train,39,39,True,True,True,True,30,11,73,5,True,True,False,True,1,4,0,True,False,True
033,SROIE,train,39,39,True,True,True,False,30,11,73,0,True,True,False,False,0,4,0,True,False,True
034,SROIE,train,107,107,True,True,True,True,20,10,64,6,True,True,True,True,2,46,0,True,True,True
035,SROIE,train,39,39,True,True,True,True,30,11,73,5,True,True,False,True,1,4,0,True,False,True
036,SROIE,train,39,39,True,True,True,True,30,11,73,5,True,True,False,True,1,4,0,True,False,True
037,SROIE,train,48,48,True,True,True,True,28,10,50,5,True,True,False,True,1,14,0,True,True,True
038,SROIE,train,69,69,True,True,True,True,20,10,104,5,True,True,False,True,3,21,0,True,False,True
039,SROIE,train,53,53,True,True,True,True,24,10,92,6,False,True,False,True,1,11,0,True,True,True
040,SROIE,train,44,44,True,True,True,True,13,10,29,6,True,True,False,True,1,12,0,True,True,True
041,SROIE,train,41,41,True,True,True,True,13,10,29,6,True,True,False,True,1,11,0,True,True,True
042,SROIE,train,53,53,True,True,True,True,26,8,86,5,True,True,False,True,0,8,0,True,True,True
043,SROIE,train,43,43,True,True,True,True,34,10,57,6,True,True,False,True,3,7,1,True,True,True
044,SROIE,train,43,43,True,True,True,True,30,11,73,5,True,True,False,True,1,5,0,True,False,True
045,SROIE,train,43,43,True,True,True,True,30,11,73,5,True,True,False,True,1,5,0,True,False,True
046,SROIE,train,63,63,True,True,True,True,19,8,70,5,True,True,False,True,2,18,0,True,False,True
047,SROIE,train,18,18,True,True,True,True,17,10,49,6,True,True,False,True,1,3,0,False,False,True
048,SROIE,train,71,71,True,True,True,True,25,10,68,6,True,True,False,True,1,20,0,True,True,True
049,SROIE,train,59,59,True,True,True,True,20,10,64,4,True,True,False,True,2,17,0,True,True,True
050,SROIE,train,66,66,True,True,True,True,28,10,75,6,False,True,False,True,2,23,0,True,True,True
051,SROIE,train,39,39,True,True,True,True,30,11,73,5,True,True,False,True,1,4,0,True,False,True
052,SROIE,train,34,34,True,True,True,True,27,10,107,5,True,True,False,True,4,9,0,True,False,True
053,SROIE,train,39,39,True,True,True,True,30,11,73,5,True,True,False,True,1,4,0,True,False,True
054,SROIE,train,55,55,True,True,True,True,20,10,57,5,True,True,True,True,2,17,0,True,True,True
055,SROIE,train,39,39,True,True,True,True,30,11,73,5,True,True,False,True,1,4,0,True,False,True
056,SROIE,train,39,39,True,True,True,True,30,11,73,5,True,True,False,True,1,4,0,True,False,True
057,SROIE,train,35,35,True,True,True,True,30,11,72,5,True,True,False,True,3,3,0,True,False,True
058,SROIE,train,39,39,True,True,True,True,30,11,73,5,True,True,False,True,1,4,0,True,False,True
059,SROIE,train,28,28,True,True,True,True,31,10,50,4,True,True,False,True,2,6,0,True,True,True
060,SROIE,train,52,52,True,True,True,True,32,8,70,5,True,True,False,True,2,11,0,True,False,True
061,SROIE,train,66,66,True,True,True,True,36,9,70,6,True,True,False,True,2,14,0,True,False,False
062,SROIE,train,26,26,True,True,True,True,17,8,87,5,True,True,False,True,2,3,1,True,False,True
063,SROIE,train,48,48,True,True,True,True,20,8,63,5,True,True,False,True,3,6,0,True,True,False
064,SROIE,train,46,46,True,True,True,True,20,8,39,5,True,True,False,True,3,5,0,True,True,False
065,SROIE,train,53,53,True,True,True,True,30,8,56,5,True,True,False,True,1,19,0,True,True,True
066,SROIE,train,63,63,True,True,True,True,30,10,64,4,True,True,True,True,3,22,0,True,False,True
067,SROIE,train,75,75,True,True,True,True,46,8,55,5,True,True,False,True,1,28,0,True,True,True
068,SROIE,train,43,43,True,True,True,True,30,8,64,4,True,False,True,True,6,10,0,True,False,True
069,SROIE,train,26,26,True,True,True,True,17,8,87,4,True,True,False,True,2,3,1,True,False,True
070,SROIE,train,30,30,True,True,True,True,17,8,86,6,True,True,False,True,2,4,1,True,False,True
071,SROIE,train,44,44,True,True,True,True,16,10,81,5,True,True,False,True,3,9,0,True,False,True
072,SROIE,train,57,57,True,True,True,True,28,8,63,5,True,True,False,True,1,9,0,True,False,True
073,SROIE,train,48,48,True,True,True,True,28,10,99,5,True,True,False,True,2,13,1,True,False,True
074,SROIE,train,45,45,True,True,True,True,26,10,61,6,True,True,False,True,5,11,0,True,True,True
075,SROIE,train,48,48,True,True,True,True,28,10,99,6,True,True,False,True,2,13,1,True,False,True
076,SROIE,train,43,43,True,True,True,True,28,10,99,5,True,True,False,True,3,11,1,True,False,True
077,SROIE,train,52,52,True,True,True,True,20,10,70,5,True,True,False,True,1,11,1,True,True,True
078,SROIE,train,83,83,True,True,True,True,25,10,60,5,True,True,False,True,2,39,0,True,True,True
079,SROIE,train,67,67,True,True,True,True,18,8,96,5,True,True,False,True,0,12,0,True,False,True
080,SROIE,train,52,52,True,True,True,True,24,10,62,5,True,True,False,True,5,14,0,True,False,True
081,SROIE,train,35,35,True,True,True,True,18,8,96,7,True,True,False,True,1,4,0,True,False,True
082,SROIE,train,82,82,True,True,True,True,24,10,62,6,True,True,False,True,4,24,0,True,False,True
083,SROIE,train,74,74,True,True,True,True,25,10,37,5,True,True,True,True,1,11,0,True,True,True
084,SROIE,train,34,34,True,True,True,True,18,8,96,4,True,True,False,True,2,5,0,True,False,True
085,SROIE,train,36,36,True,True,True,True,18,8,96,4,True,True,False,True,2,5,0,True,False,True
086,SROIE,train,60,60,True,True,True,True,27,8,96,5,True,True,False,True,0,14,0,True,False,True
087,SROIE,train,38,38,True,True,True,True,20,8,52,6,True,True,True,True,3,7,0,True,True,False
088,SROIE,train,40,40,True,True,True,True,20,8,52,5,True,True,True,True,3,7,0,True,True,False
089,SROIE,train,53,53,True,True,True,True,19,10,90,4,True,True,False,True,3,14,0,True,True,True
090,SROIE,train,53,53,True,True,True,True,17,10,73,4,True,True,False,True,4,14,0,True,True,True
091,SROIE,train,87,87,True,True,True,True,17,9,73,5,True,True,False,True,2,26,0,True,True,True
092,SROIE,train,62,62,True,True,True,True,15,10,76,5,True,True,False,True,3,18,0,True,False,True
093,SROIE,train,40,40,True,True,True,True,17,10,81,4,True,True,False,True,3,9,0,True,False,True
094,SROIE,train,39,39,True,True,True,True,16,10,81,4,True,True,False,True,3,9,1,True,False,True
095,SROIE,train,45,45,True,True,True,True,28,8,85,5,False,True,False,True,1,6,0,True,False,True
096,SROIE,train,42,42,True,True,True,True,28,8,63,4,True,True,False,True,1,6,0,True,False,True
097,SROIE,train,46,46,True,True,True,True,28,8,63,5,True,True,False,True,1,7,0,True,False,True
098,SROIE,train,61,61,True,True,True,True,22,8,47,5,True,True,False,True,3,17,0,True,True,True
099,SROIE,train,58,58,True,True,True,True,27,10,53,5,True,True,False,True,4,17,0,True,True,True
100,SROIE,train,58,58,True,True,True,True,27,10,54,4,True,True,False,True,5,17,0,True,True,True
101,SROIE,train,57,57,True,True,True,True,27,10,54,5,True,True,False,True,5,17,0,True,True,True
102,SROIE,train,44,44,True,True,True,True,20,8,52,5,True,True,True,True,3,8,0,True,True,True
103,SROIE,train,58,58,True,True,True,True,27,10,53,6,True,True,False,True,5,17,0,True,True,True
104,SROIE,train,58,58,True,True,False,True,21,9,0,6,True,True,False,True,1,12,0,True,False,True
105,SROIE,train,61,61,True,True,True,True,17,10,66,5,True,True,False,True,2,16,1,True,True,True
106,SROIE,train,153,153,True,True,True,True,24,10,70,6,True,True,False,True,2,65,0,True,True,True
107,SROIE,train,67,67,True,True,True,True,33,10,82,5,True,True,False,True,1,15,1,True,True,True
108,SROIE,train,42,42,True,True,True,True,29,10,78,4,True,True,False,True,4,8,0,True,True,True
109,SROIE,train,42,42,True,True,True,True,29,10,78,4,True,True,False,True,4,7,0,True,True,True
110,SROIE,train,42,42,True,True,True,True,29,10,78,4,True,True,False,True,4,9,0,True,True,True
111,SROIE,train,117,117,True,True,True,True,27,10,54,6,True,True,False,True,3,43,1,True,True,True
112,SROIE,train,38,38,True,True,True,True,19,10,78,6,True,True,False,True,3,0,0,True,False,True
113,SROIE,train,70,70,True,True,True,True,27,10,54,5,True,True,False,True,3,22,0,True,True,True
114,SROIE,train,76,76,True,True,True,True,27,10,54,5,True,True,False,True,3,26,0,True,True,True
115,SROIE,train,58,58,True,True,True,True,27,10,54,5,True,True,False,True,5,17,0,True,True,True
116,SROIE,train,70,70,True,True,True,True,27,10,54,6,True,True,False,True,3,23,0,True,True,True
117,SROIE,train,76,76,True,True,True,True,27,10,54,5,True,True,False,True,3,26,0,True,True,True
118,SROIE,train,64,64,True,True,True,True,27,10,54,5,True,True,False,True,3,20,0,True,True,True
119,SROIE,train,58,58,True,True,True,True,27,10,54,4,True,True,False,True,5,17,0,True,True,True
120,SROIE,train,58,58,True,True,True,True,27,10,54,4,True,True,False,True,4,17,0,True,True,True
121,SROIE,train,58,58,True,True,True,True,27,10,54,5,True,True,False,True,4,17,0,True,True,True
122,SROIE,train,58,58,True,True,True,True,27,10,54,5,True,True,False,True,4,17,0,True,True,True
123,SROIE,train,66,66,True,True,True,True,27,10,54,5,True,True,False,True,3,20,1,True,True,True
124,SROIE,train,58,58,True,True,True,True,27,10,54,4,True,True,False,True,5,17,0,True,True,True
125,SROIE,train,58,58,True,True,True,True,27,10,54,6,True,True,False,True,4,17,0,True,True,True
126,SROIE,train,70,70,True,True,True,True,27,10,54,5,True,True,False,True,3,23,0,True,True,True
127,SROIE,train,50,50,True,True,True,True,27,10,54,4,True,True,False,True,5,15,0,True,True,True
128,SROIE,train,64,64,True,True,True,True,27,10,54,5,True,True,False,True,3,20,0,True,True,True
129,SROIE,train,64,64,True,True,True,True,27,10,54,5,True,True,False,True,3,20,0,True,True,True
130,SROIE,train,64,64,True,True,True,True,24,10,70,5,True,True,False,True,3,18,0,True,True,True
131,SROIE,train,60,60,True,True,True,True,24,10,85,4,True,True,False,True,2,16,0,True,False,True
132,SROIE,train,46,46,True,True,True,True,18,8,59,5,True,True,False,True,2,10,0,True,False,True
133,SROIE,train,60,60,True,True,True,True,30,10,90,6,True,True,False,True,2,18,0,True,True,True
134,SROIE,train,103,103,True,True,True,True,17,10,73,5,True,True,False,True,2,32,0,True,True,True
135,SROIE,train,66,66,True,True,True,True,30,10,90,5,True,True,False,True,2,22,0,True,True,True
136,SROIE,train,43,43,True,True,True,True,18,10,85,4,True,True,False,True,3,11,0,True,True,True
137,SROIE,train,53,53,True,True,True,True,18,10,85,4,True,True,False,True,3,14,0,True,True,True
138,SROIE,train,49,49,True,True,True,True,18,10,85,4,True,True,False,True,3,13,0,True,True,True
139,SROIE,train,49,49,True,True,True,True,18,10,85,4,True,True,False,True,3,13,0,True,True,True
140,SROIE,train,54,54,True,True,True,True,18,10,85,4,True,True,False,True,3,15,0,True,True,True
141,SROIE,train,49,49,True,True,True,True,18,10,85,4,True,True,False,True,3,13,0,True,True,True
142,SROIE,train,44,44,True,True,True,True,18,10,85,4,True,True,False,True,3,11,0,True,True,True
143,SROIE,train,44,44,True,True,True,True,17,10,85,4,False,True,False,True,3,11,0,True,True,True
144,SROIE,train,39,39,True,True,True,True,32,10,89,5,True,True,False,True,2,9,0,True,False,True
145,SROIE,train,34,34,True,True,True,True,32,10,89,4,True,True,False,True,2,8,0,True,False,True
146,SROIE,train,54,54,True,True,True,True,13,9,80,5,True,True,False,True,1,14,0,True,False,True
147,SROIE,train,78,78,True,True,True,True,21,10,66,5,True,True,True,True,2,21,1,True,True,True
148,SROIE,train,34,34,True,True,True,True,32,10,89,5,True,True,False,True,2,7,0,True,False,True
149,SROIE,train,58,58,True,True,True,True,23,10,66,5,False,True,False,True,2,18,0,True,True,True
150,SROIE,train,59,59,True,True,True,True,22,10,76,5,False,True,False,True,2,11,2,True,False,True
151,SROIE,train,49,49,True,True,True,True,26,10,79,4,True,True,False,True,2,15,1,True,True,True
152,SROIE,train,56,56,True,True,True,True,37,8,23,7,True,True,False,True,1,8,0,True,False,True
153,SROIE,train,46,46,True,True,True,True,28,8,72,5,False,True,False,True,1,8,0,True,False,True
154,SROIE,train,67,67,True,True,True,True,22,10,54,6,True,True,False,True,2,18,0,True,True,True
155,SROIE,train,38,38,True,True,True,True,32,10,89,5,False,True,False,True,2,8,0,True,False,True
156,SROIE,train,51,51,True,True,True,True,27,9,69,8,True,True,False,True,3,12,0,True,True,True
157,SROIE,train,50,50,True,True,True,True,20,10,102,5,True,True,False,True,2,11,0,True,True,True
158,SROIE,train,31,31,True,True,True,True,17,8,85,4,True,True,False,True,1,4,1,True,False,True
159,SROIE,train,43,43,True,True,True,True,20,10,64,5,True,True,False,True,2,13,1,True,False,True
160,SROIE,train,56,56,True,True,True,True,46,10,51,6,True,True,False,True,2,9,1,True,True,True
161,SROIE,train,26,26,True,True,True,True,23,10,111,7,True,True,False,True,1,2,0,True,True,True
162,SROIE,train,33,33,True,True,True,True,17,8,84,6,True,True,False,True,2,4,1,True,False,True
163,SROIE,train,30,30,True,True,True,True,17,8,86,6,True,True,False,True,1,5,1,True,False,True
164,SROIE,train,31,31,True,True,True,True,7,10,44,5,True,True,False,True,1,9,0,True,False,True
165,SROIE,train,42,42,True,True,True,True,21,10,49,5,True,True,False,True,3,12,0,True,False,True
166,SROIE,train,48,48,True,True,True,True,28,10,61,5,True,True,True,True,2,14,0,True,False,True
167,SROIE,train,45,45,True,True,True,True,23,10,28,7,True,True,False,True,1,0,0,True,False,True
168,SROIE,train,64,64,True,True,True,True,24,8,66,5,True,True,False,True,3,26,0,True,True,True
169,SROIE,train,43,43,True,True,True,True,9,10,74,7,True,True,False,True,1,3,0,True,True,True
170,SROIE,train,47,47,True,True,True,True,21,11,57,6,True,True,False,True,3,6,0,True,True,True
171,SROIE,train,51,51,True,True,True,True,34,8,47,5,True,True,True,True,3,10,0,True,False,True
172,SROIE,train,79,79,True,True,True,True,29,8,96,5,True,True,False,True,0,10,1,True,False,True
173,SROIE,train,77,77,True,True,True,True,28,8,64,5,True,True,False,True,1,13,0,True,True,True
174,SROIE,train,59,59,True,True,True,True,21,10,89,5,True,True,False,True,4,17,0,True,True,True
175,SROIE,train,38,38,True,True,True,True,28,8,83,5,True,True,False,True,1,5,0,True,False,True
176,SROIE,train,68,68,True,True,True,True,21,10,46,6,True,True,False,True,3,18,0,True,True,True
177,SROIE,train,68,68,True,True,True,True,21,10,46,6,True,True,False,True,3,18,0,True,True,True
178,SROIE,train,68,68,True,True,True,True,21,10,46,6,True,True,False,True,4,18,0,True,True,True
179,SROIE,train,66,66,True,True,True,True,21,10,46,6,True,True,False,True,3,18,0,True,True,True
180,SROIE,train,55,55,True,True,True,True,23,10,51,5,True,True,True,True,3,11,2,True,False,True
181,SROIE,train,26,26,True,True,True,True,18,10,61,4,True,True,False,True,2,3,0,True,False,True
182,SROIE,train,40,40,True,True,True,True,22,10,57,5,True,True,False,True,4,10,0,True,True,True
183,SROIE,train,60,60,True,True,True,True,16,10,76,5,True,True,False,True,4,17,0,True,True,True
184,SROIE,train,49,49,True,True,True,True,16,10,75,5,True,True,False,True,2,14,0,True,True,True
185,SROIE,train,68,68,True,True,True,True,32,10,79,8,True,True,False,True,2,4,1,True,False,True
186,SROIE,train,38,38,True,True,True,True,17,8,64,5,True,True,False,True,2,5,1,True,False,True
187,SROIE,train,44,44,True,True,True,True,18,10,103,7,True,True,False,True,1,3,0,True,False,True
188,SROIE,train,73,73,True,True,True,True,22,10,61,5,True,True,False,True,2,18,1,True,True,True
189,SROIE,train,45,45,True,True,True,True,19,10,50,5,True,True,False,True,2,15,0,True,True,True
190,SROIE,train,63,63,True,True,True,True,24,8,96,5,False,True,False,True,0,11,0,True,False,True
191,SROIE,train,50,50,True,True,True,True,31,10,86,5,False,True,False,True,2,12,1,True,False,True
192,SROIE,train,47,47,True,True,True,True,22,8,96,5,True,False,False,True,1,7,1,True,False,True
193,SROIE,train,40,40,True,True,True,True,28,8,63,4,True,True,False,True,1,6,0,True,False,True
194,SROIE,train,81,81,True,True,True,True,17,10,81,5,True,True,False,True,1,9,0,True,False,True
195,SROIE,train,43,43,True,True,True,True,16,10,81,5,True,True,False,True,3,9,0,True,False,True
196,SROIE,train,39,39,True,True,True,True,28,8,63,4,True,True,False,True,2,7,0,True,False,True
197,SROIE,train,53,53,True,True,True,True,16,10,81,5,True,True,False,True,1,12,0,True,False,True
198,SROIE,train,32,32,True,True,True,True,27,8,96,5,True,True,False,True,1,3,0,True,False,True
199,SROIE,train,39,39,True,True,True,True,26,10,84,4,True,True,False,True,3,8,0,True,True,True
200,SROIE,train,43,43,True,True,True,True,22,8,96,5,True,True,False,True,0,3,0,True,False,True
201,SROIE,train,30,30,True,True,True,True,22,8,96,5,True,True,False,True,1,1,0,True,False,True
202,SROIE,train,34,34,True,True,True,True,17,10,21,5,True,True,False,True,1,5,0,True,False,True
203,SROIE,train,42,42,True,True,True,True,22,8,96,5,True,True,False,True,0,3,0,True,False,True
204,SROIE,train,37,37,True,True,True,True,22,8,96,5,True,True,False,True,0,4,0,True,False,True
205,SROIE,train,35,35,True,True,True,True,22,8,96,5,True,True,False,True,0,2,0,True,False,True
206,SROIE,train,41,41,True,True,True,True,16,11,66,5,True,True,False,True,2,13,0,True,False,True
207,SROIE,train,36,36,True,True,True,True,22,8,96,5,True,True,False,True,0,2,0,True,False,True
208,SROIE,train,42,42,True,True,True,True,22,8,96,5,True,True,False,True,0,3,0,True,False,True
209,SROIE,train,53,53,True,True,True,True,27,8,90,5,True,True,True,True,3,6,0,True,True,True
210,SROIE,train,53,53,True,True,True,True,25,8,113,7,True,True,False,False,0,6,0,True,True,True
211,SROIE,train,119,119,True,True,True,True,23,10,43,6,True,True,False,True,1,50,0,True,True,True
212,SROIE,train,55,55,True,True,True,True,15,10,76,5,True,True,False,True,6,16,0,True,False,True
213,SROIE,train,60,60,True,True,True,True,15,10,76,5,True,True,False,True,1,16,0,True,False,True
214,SROIE,train,46,46,True,True,True,True,30,10,71,5,True,True,False,True,5,10,0,True,True,True
215,SROIE,train,67,67,True,True,True,True,30,10,68,6,True,True,False,True,3,22,0,True,True,True
216,SROIE,train,61,61,True,True,True,True,15,10,76,4,True,True,False,True,4,19,0,True,False,True
217,SROIE,train,41,41,True,True,True,True,20,8,52,5,True,True,True,True,4,8,0,True,True,True
218,SROIE,train,82,82,True,True,True,True,23,10,83,6,True,True,False,True,5,22,0,True,False,True
219,SROIE,train,63,63,True,True,True,True,20,10,66,6,True,True,False,True,1,25,1,True,True,True
220,SROIE,train,64,64,True,True,True,True,20,10,66,4,True,True,False,True,1,19,1,True,True,True
221,SROIE,train,49,49,True,True,True,True,28,8,63,5,True,True,False,True,1,7,0,True,False,True
222,SROIE,train,62,62,True,True,True,True,28,8,63,5,True,True,False,True,1,9,0,True,False,True
223,SROIE,train,43,43,True,True,True,True,28,8,63,4,True,True,False,True,1,5,0,True,False,True
224,SROIE,train,43,43,True,True,True,True,23,10,64,5,True,True,False,True,3,12,0,True,False,True
225,SROIE,train,27,27,True,True,True,True,19,10,38,5,True,True,True,True,0,9,0,True,False,False
226,SROIE,train,67,67,True,True,True,True,18,10,72,6,True,True,False,True,2,12,0,True,True,True
227,SROIE,train,48,48,True,True,True,True,18,10,72,5,True,True,False,True,4,9,0,True,True,True
228,SROIE,train,62,62,True,True,True,True,18,10,72,5,True,True,False,True,2,12,0,True,True,True
229,SROIE,train,48,48,True,True,True,True,29,10,88,4,True,True,False,True,1,12,0,True,False,True
230,SROIE,train,53,53,True,True,True,True,29,10,88,4,True,True,False,True,1,17,0,True,False,True
231,SROIE,train,70,70,True,True,True,True,27,8,96,6,True,True,False,True,0,9,0,True,False,True
232,SROIE,train,61,61,True,True,True,True,25,10,78,5,True,True,True,True,1,13,0,True,True,True
233,SROIE,train,65,65,True,True,True,True,15,8,70,6,True,True,False,True,2,14,0,True,False,True
234,SROIE,train,43,43,True,True,True,True,18,11,73,6,False,True,False,True,4,11,0,True,False,True
235,SROIE,train,31,31,True,True,True,True,19,10,54,4,True,True,False,True,2,8,0,True,True,True
236,SROIE,train,32,32,True,True,True,True,19,10,54,5,True,True,False,True,2,9,0,True,True,True
237,SROIE,train,31,31,True,True,True,True,19,10,53,4,True,True,True,True,2,8,0,True,True,True
238,SROIE,train,64,64,True,True,True,True,23,10,40,5,True,True,False,True,1,20,0,True,True,True
239,SROIE,train,36,36,True,True,True,True,27,8,25,5,True,True,False,True,2,5,0,True,False,True
240,SROIE,train,50,50,True,True,True,True,34,10,81,5,True,True,False,True,3,12,0,True,False,True
241,SROIE,train,58,58,True,True,True,True,20,11,73,6,True,True,False,True,2,18,0,True,False,True
242,SROIE,train,46,46,True,True,True,True,25,11,59,5,True,True,False,True,1,6,0,True,True,True
243,SROIE,train,46,46,True,True,True,True,25,11,59,5,True,True,False,True,1,7,0,True,True,True
244,SROIE,train,40,40,True,True,True,True,33,10,88,5,True,True,False,True,1,10,0,True,False,True
245,SROIE,train,52,52,True,True,True,True,18,10,65,5,True,True,False,True,1,13,0,True,False,True
246,SROIE,train,38,38,True,True,True,True,24,8,98,4,True,True,False,True,3,9,0,True,True,True
247,SROIE,train,103,103,True,True,True,True,18,8,70,6,True,True,False,True,2,22,0,True,False,True
248,SROIE,train,39,39,True,True,True,True,37,10,82,6,True,True,False,True,3,0,0,True,False,True
249,SROIE,train,44,44,True,True,True,True,26,10,61,6,True,True,False,True,5,11,0,True,True,True
250,SROIE,train,44,44,True,True,True,True,26,10,61,6,True,True,False,True,5,11,0,True,True,True
251,SROIE,train,58,58,True,True,True,True,35,10,52,5,True,True,True,True,3,17,0,True,True,True
252,SROIE,train,73,73,True,True,True,True,16,10,49,5,True,True,False,True,1,23,0,True,True,True
253,SROIE,train,73,73,True,True,True,True,48,10,107,6,True,True,False,True,3,16,1,True,True,True
254,SROIE,train,57,57,True,True,True,True,20,11,73,6,True,True,False,True,3,17,0,True,False,True
255,SROIE,train,50,50,True,True,True,True,19,10,50,5,True,True,False,True,2,18,0,True,True,True
256,SROIE,train,45,45,True,True,True,True,22,10,54,5,True,True,False,True,4,12,0,True,True,True
257,SROIE,train,34,34,True,True,True,True,22,10,73,6,True,True,True,True,3,0,0,True,False,True
258,SROIE,train,35,35,True,True,True,True,22,10,73,6,True,True,True,True,3,0,0,True,False,True
259,SROIE,train,39,39,True,True,True,True,17,8,84,5,True,True,False,True,2,5,1,True,False,True
260,SROIE,train,36,36,True,True,True,True,20,10,23,5,True,True,True,True,1,9,1,True,False,True
261,SROIE,train,59,59,True,True,True,True,20,11,73,6,True,True,False,True,2,18,0,True,False,True
262,SROIE,train,27,27,True,True,True,True,17,8,84,5,True,True,False,True,1,4,1,True,False,True
263,SROIE,train,52,52,True,True,True,True,25,8,72,5,True,True,True,True,2,11,0,True,False,True
264,SROIE,train,58,58,True,True,True,True,27,11,25,6,True,True,False,True,2,8,0,True,True,True
265,SROIE,train,46,46,True,True,True,True,27,10,87,4,True,True,False,True,5,12,0,True,True,True
266,SROIE,train,46,46,True,True,True,True,18,10,86,5,True,True,False,True,3,12,0,True,True,True
267,SROIE,train,49,49,True,True,True,True,17,8,83,6,True,True,False,True,2,6,1,True,False,True
268,SROIE,train,50,50,True,True,True,True,17,8,83,5,True,True,False,True,1,6,1,True,False,True
269,SROIE,train,42,42,True,True,True,True,26,10,67,6,True,True,False,True,1,6,0,True,True,True
270,SROIE,train,100,100,True,True,True,True,21,11,63,6,True,True,True,True,4,26,0,True,True,True
271,SROIE,train,41,41,True,True,True,True,22,8,69,5,True,True,False,True,2,9,0,True,False,True
272,SROIE,train,47,47,True,True,True,True,27,10,87,5,True,True,False,True,5,12,0,True,True,True
273,SROIE,train,43,43,True,True,True,True,20,11,73,6,True,True,False,True,5,11,0,True,False,True
274,SROIE,train,62,62,True,True,True,True,32,10,78,7,True,True,True,True,2,4,1,True,False,True
275,SROIE,train,29,29,True,True,True,True,17,8,83,5,True,True,False,True,1,4,1,True,False,True
276,SROIE,train,55,55,True,True,True,True,17,8,83,5,True,True,False,True,1,7,1,True,False,True
277,SROIE,train,48,48,True,True,True,True,14,11,93,5,True,True,False,True,2,11,0,True,False,True
278,SROIE,train,36,36,True,True,True,True,22,8,69,5,True,True,False,True,1,8,0,True,False,True
279,SROIE,train,40,40,True,True,True,True,24,8,70,5,True,True,False,True,2,9,0,True,True,True
280,SROIE,train,32,32,True,True,True,True,19,10,53,5,True,True,True,True,2,8,0,True,True,True
281,SROIE,train,49,49,True,True,True,True,21,10,69,5,True,True,True,True,1,9,0,True,True,True
282,SROIE,train,76,76,True,True,True,True,21,10,55,6,True,True,False,True,4,30,0,True,False,True
283,SROIE,train,39,39,True,True,True,True,30,11,73,5,True,True,False,True,1,4,0,True,False,True
284,SROIE,train,35,35,True,True,True,True,30,11,73,5,True,True,False,True,3,3,0,True,False,True
285,SROIE,train,39,39,True,True,True,True,30,11,73,5,True,True,False,True,1,4,0,True,False,True
286,SROIE,train,39,39,True,True,True,True,30,11,73,5,True,True,False,True,1,4,0,True,False,True
287,SROIE,train,39,39,True,True,True,True,30,11,73,5,True,True,False,True,1,4,0,True,False,True
288,SROIE,train,62,62,True,True,True,True,16,10,45,5,True,False,True,True,3,5,0,True,True,True
289,SROIE,train,26,26,True,True,True,True,22,10,52,5,True,True,False,True,2,3,0,True,False,True
290,SROIE,train,56,56,True,True,True,True,35,10,101,5,True,True,False,True,1,11,0,True,True,True
291,SROIE,train,47,47,True,True,True,True,30,11,73,5,True,True,False,True,1,6,0,True,False,True
292,SROIE,train,39,39,True,True,True,True,30,11,73,5,True,True,False,True,1,4,0,True,False,True
293,SROIE,train,44,44,True,True,True,True,24,8,54,6,True,True,True,True,2,7,0,True,True,True
294,SROIE,train,70,70,True,True,True,True,19,8,70,5,True,True,False,True,2,22,0,True,False,True
295,SROIE,train,47,47,True,True,True,True,30,11,73,5,True,True,False,True,1,6,0,True,False,True
296,SROIE,train,73,73,True,True,True,True,14,8,71,5,True,True,False,True,2,13,0,True,True,True
297,SROIE,train,77,77,True,True,True,True,14,8,71,5,True,True,False,True,2,15,0,True,True,True
298,SROIE,train,47,47,True,True,True,True,40,10,107,5,True,True,False,True,2,11,0,True,False,True
299,SROIE,train,37,37,True,True,True,True,31,10,105,5,True,True,False,True,2,10,1,True,True,True
300,SROIE,train,42,42,True,True,True,True,16,10,81,4,True,True,False,True,3,9,0,True,False,True
301,SROIE,train,45,45,True,True,True,True,20,10,81,5,False,True,False,True,4,9,0,True,False,True
302,SROIE,train,68,68,True,True,True,True,16,10,81,5,True,True,False,True,1,9,0,True,False,True
303,SROIE,train,77,77,True,True,True,True,14,8,88,5,True,True,False,True,1,15,0,True,True,True
304,SROIE,train,89,89,True,True,True,True,14,8,88,5,True,True,False,True,1,21,0,True,True,True
305,SROIE,train,118,118,True,True,True,True,20,10,104,5,True,True,False,True,3,44,1,True,False,True
306,SROIE,train,63,63,True,True,True,True,21,10,75,5,True,True,True,True,2,24,1,True,False,True
307,SROIE,train,44,44,True,True,True,True,16,10,81,5,True,True,False,True,1,10,0,True,False,True
308,SROIE,train,42,42,True,True,True,True,16,10,81,4,True,True,False,True,3,9,0,True,False,True
309,SROIE,train,45,45,True,True,True,True,22,10,48,4,True,True,True,True,2,10,0,True,True,True
310,SROIE,train,70,70,True,True,True,True,14,8,98,4,True,True,False,True,1,11,0,True,True,True
311,SROIE,train,92,92,True,True,True,True,16,10,81,6,True,True,False,True,1,12,0,True,False,True
312,SROIE,train,58,58,True,True,True,True,34,8,52,5,True,True,True,True,2,11,0,True,False,True
313,SROIE,train,56,56,True,True,True,True,21,8,52,5,True,True,True,True,3,14,0,True,False,True
314,SROIE,train,51,51,True,True,True,True,47,8,90,5,True,True,False,True,2,11,0,True,True,True
315,SROIE,train,61,61,True,True,True,True,18,10,60,5,True,True,True,True,2,20,0,True,False,True
316,SROIE,train,32,32,True,True,True,True,35,10,47,4,True,True,False,True,0,0,1,True,False,True
317,SROIE,train,30,30,True,True,True,True,35,10,47,6,True,True,False,True,3,0,1,True,False,True
318,SROIE,train,44,44,True,True,True,True,45,10,43,5,True,True,False,True,2,7,0,True,True,True
319,SROIE,train,68,68,True,True,True,True,22,10,78,5,True,True,False,True,2,16,0,True,True,True
320,SROIE,train,33,33,True,True,True,True,19,10,36,7,True,True,False,True,2,0,0,True,False,True
321,SROIE,train,37,37,True,True,True,True,27,10,70,4,True,True,False,True,2,6,0,True,False,True
322,SROIE,train,42,42,True,True,True,True,10,10,75,5,True,True,False,True,2,7,0,True,False,True
323,SROIE,train,46,46,True,True,True,True,19,10,46,4,True,True,False,True,4,11,0,True,True,True
324,SROIE,train,61,61,True,True,True,True,25,10,47,5,False,True,False,True,2,15,0,True,True,True
325,SROIE,train,35,35,True,True,True,True,31,10,99,6,True,True,False,True,5,5,1,True,False,False
326,SROIE,train,26,26,True,True,True,True,22,10,55,5,True,True,False,True,2,6,0,True,True,True
327,SROIE,train,90,90,True,True,True,True,25,10,47,5,False,True,False,True,2,30,1,True,True,True
328,SROIE,train,79,79,True,True,True,True,31,10,53,5,True,True,False,True,1,34,0,True,True,True
329,SROIE,train,72,72,True,True,True,True,30,10,53,5,True,True,False,True,1,30,0,True,True,True
330,SROIE,train,81,81,True,True,True,True,30,10,53,5,True,True,False,True,1,29,1,True,True,True
331,SROIE,train,87,87,True,True,True,True,30,10,53,5,True,True,False,True,1,42,0,True,True,True
332,SROIE,train,79,79,True,True,True,True,30,10,53,5,True,True,False,True,1,34,0,True,True,True
333,SROIE,train,100,100,True,True,True,True,30,10,53,5,True,True,False,True,1,53,0,True,True,True
334,SROIE,train,72,72,True,True,True,True,30,10,53,5,True,True,False,True,1,30,0,True,True,True
335,SROIE,train,79,79,True,True,True,True,30,10,53,5,True,True,False,True,1,34,0,True,True,True
336,SROIE,train,79,79,True,True,True,True,30,10,53,5,True,True,False,True,1,36,0,True,True,True
337,SROIE,train,92,92,True,True,True,True,30,10,53,5,True,True,False,True,1,42,0,True,True,True
338,SROIE,train,79,79,True,True,True,True,30,10,53,5,True,True,False,True,1,36,0,True,True,True
339,SROIE,train,86,86,True,True,True,True,30,10,53,4,True,True,False,True,1,35,0,True,True,True
340,SROIE,train,72,72,True,True,True,True,30,10,53,5,True,True,False,True,1,30,0,True,True,True
341,SROIE,train,38,38,True,True,True,True,25,11,68,7,True,True,False,True,2,2,0,True,False,True
342,SROIE,train,72,72,True,True,True,True,30,10,53,5,True,True,False,True,1,28,0,True,True,True
343,SROIE,train,93,93,True,True,True,True,30,10,53,5,True,True,False,True,1,48,0,True,True,True
344,SROIE,train,79,79,True,True,True,True,30,10,53,5,True,True,False,True,1,36,0,True,True,True
345,SROIE,train,79,79,True,True,True,True,30,10,53,5,True,True,False,True,3,35,0,True,True,True
346,SROIE,train,72,72,True,True,True,True,30,10,53,5,True,True,False,True,1,26,0,True,True,True
347,SROIE,train,93,93,True,True,True,True,30,10,53,5,True,True,False,True,1,38,0,True,True,True
348,SROIE,train,72,72,True,True,True,True,30,10,53,5,True,True,False,True,1,30,0,True,True,True
349,SROIE,train,93,93,True,True,True,True,30,10,53,5,True,True,False,True,1,44,0,True,True,True
350,SROIE,train,63,63,True,True,True,True,24,10,100,8,True,True,False,True,6,18,0,True,True,True
351,SROIE,train,63,63,True,True,True,True,24,10,100,6,True,True,False,True,2,18,0,True,True,True
352,SROIE,train,87,87,True,True,True,True,30,10,53,5,True,True,False,True,1,37,0,True,True,True
353,SROIE,train,78,78,True,True,True,True,30,10,53,4,True,True,False,True,1,29,0,True,True,True
354,SROIE,train,73,73,True,True,True,True,30,10,53,5,True,True,False,True,1,30,0,True,True,True
355,SROIE,train,71,71,True,True,True,True,30,10,53,4,True,True,False,True,1,22,0,True,True,True
356,SROIE,train,103,103,True,True,True,True,30,10,53,5,True,True,False,True,1,53,0,True,True,True
357,SROIE,train,72,72,True,True,True,True,30,10,53,5,True,True,False,True,1,30,0,True,True,True
358,SROIE,train,87,87,True,True,True,True,30,10,53,5,True,True,False,True,1,42,0,True,True,True
359,SROIE,train,65,65,True,True,True,True,30,10,53,5,True,True,False,True,1,24,0,True,True,True
360,SROIE,train,72,72,True,True,True,True,30,10,53,5,True,True,False,True,1,30,0,True,True,True
361,SROIE,train,79,79,True,True,True,True,30,10,53,5,True,True,False,True,1,34,0,True,True,True
362,SROIE,train,79,79,True,True,True,True,30,10,53,5,True,True,False,True,1,36,0,True,True,True
363,SROIE,train,72,72,True,True,True,True,30,10,53,5,True,True,False,True,1,30,0,True,True,True
364,SROIE,train,72,72,True,True,True,True,30,10,53,5,True,True,False,True,1,30,0,True,True,True
365,SROIE,train,72,72,True,True,True,True,30,10,53,5,True,True,False,True,1,28,0,True,True,True
366,SROIE,train,72,72,True,True,True,True,30,10,53,5,True,True,False,True,1,30,0,True,True,True
367,SROIE,train,86,86,True,True,True,True,30,10,53,6,True,True,False,True,1,40,0,True,True,True
368,SROIE,train,79,79,True,True,True,True,30,10,53,5,True,True,False,True,1,29,0,True,True,True
369,SROIE,train,72,72,True,True,True,True,30,10,53,5,True,True,False,True,1,30,0,True,True,True
370,SROIE,train,100,100,True,True,True,True,30,10,53,5,True,True,False,True,1,50,0,True,True,True
371,SROIE,train,94,94,True,True,True,True,30,10,53,5,True,True,False,True,1,43,0,True,True,True
372,SROIE,train,86,86,True,True,True,True,30,10,53,5,True,True,False,True,1,42,0,True,True,True
373,SROIE,train,71,71,True,True,True,True,30,10,53,5,True,True,False,True,1,24,0,True,True,True
374,SROIE,train,79,79,True,True,True,True,30,10,53,5,True,True,False,True,1,35,0,True,True,True
375,SROIE,train,72,72,True,True,True,True,30,10,53,5,True,True,False,True,1,25,0,True,True,True
376,SROIE,train,87,87,True,True,True,True,30,10,53,5,True,True,False,True,1,41,0,True,True,True
377,SROIE,train,37,37,True,True,True,True,22,8,97,7,True,True,False,True,1,4,0,True,False,True
378,SROIE,train,27,27,True,True,True,True,27,8,96,7,True,True,False,True,2,2,0,True,False,True
379,SROIE,train,50,50,True,True,True,True,27,8,96,8,True,True,False,True,1,8,0,True,False,True
380,SROIE,train,44,44,True,True,True,True,17,8,78,5,True,True,False,True,2,5,1,True,False,True
381,SROIE,train,96,96,True,True,True,True,18,12,73,8,True,True,False,True,0,27,0,True,True,False
382,SROIE,train,57,57,True,True,True,True,14,10,52,5,True,True,False,True,4,12,0,True,True,True
383,SROIE,train,63,63,True,True,True,True,27,10,44,6,True,True,True,True,3,9,0,True,True,True
384,SROIE,train,27,27,True,True,True,True,17,8,86,5,True,True,False,True,1,5,1,True,False,True
385,SROIE,train,27,27,True,True,True,True,17,8,86,5,True,True,False,True,1,4,1,True,False,True
386,SROIE,train,46,46,True,True,True,True,34,8,52,4,True,True,False,True,2,7,0,True,False,True
387,SROIE,train,27,27,True,True,True,True,17,8,83,5,True,True,False,True,3,3,1,True,False,True
388,SROIE,train,48,48,True,True,True,True,16,10,77,7,True,True,False,True,1,1,0,True,False,True
389,SROIE,train,35,35,True,True,True,True,22,8,96,8,True,True,False,True,2,3,0,True,False,True
390,SROIE,train,78,78,True,True,True,True,27,8,96,8,True,True,False,True,1,15,0,True,False,True
391,SROIE,train,31,31,True,True,True,True,17,8,88,5,True,True,False,True,1,4,1,True,False,True
392,SROIE,train,70,70,True,True,True,True,22,8,96,8,True,True,False,True,1,9,0,True,False,True
393,SROIE,train,36,36,True,True,True,True,33,10,88,5,True,True,False,True,2,9,0,True,False,True
394,SROIE,train,33,33,True,True,True,True,17,8,91,5,True,True,False,True,2,5,1,True,False,True
395,SROIE,train,32,32,True,True,True,True,9,10,73,6,True,True,False,True,1,1,0,True,True,True
396,SROIE,train,50,50,True,True,True,True,21,8,64,5,True,True,True,True,2,14,0,True,False,True
397,SROIE,train,79,79,True,True,True,True,19,10,73,7,True,True,False,True,0,13,0,True,True,False
398,SROIE,train,27,27,True,True,True,True,17,8,88,4,True,True,False,True,1,4,1,True,False,True
399,SROIE,train,34,34,True,True,True,True,27,8,96,8,True,True,False,True,2,4,0,True,False,True
400,SROIE,train,53,53,True,True,True,True,18,10,53,6,True,True,False,True,2,14,0,True,True,True
401,SROIE,train,30,30,True,True,True,True,27,8,96,8,True,True,False,True,1,1,0,True,False,True
402,SROIE,train,28,28,True,True,True,True,23,10,96,7,True,True,False,True,1,4,0,True,True,True
403,SROIE,train,67,67,True,True,True,True,22,8,96,8,True,True,False,True,1,12,0,True,False,True
404,SROIE,train,49,49,True,True,True,True,34,8,88,4,True,True,False,True,1,10,0,True,False,True
405,SROIE,train,57,57,True,True,True,True,17,8,90,6,True,True,False,True,2,5,1,True,False,True
406,SROIE,train,37,37,True,True,True,True,22,8,96,8,True,True,False,True,1,3,0,True,False,True
407,SROIE,train,40,40,True,True,True,True,19,8,71,5,True,True,False,True,3,6,0,True,True,True
408,SROIE,train,63,63,True,True,True,True,23,10,78,6,True,True,False,True,1,7,1,True,True,True
409,SROIE,train,49,49,True,True,True,True,30,10,62,5,True,True,False,True,1,11,0,True,True,True
410,SROIE,train,73,73,True,True,True,True,17,10,92,7,True,True,False,True,3,15,0,True,True,False
411,SROIE,train,47,47,True,True,True,True,22,10,96,5,True,True,False,True,2,13,0,True,True,True
412,SROIE,train,47,47,True,True,True,True,32,11,93,6,True,True,False,True,2,10,0,True,False,True
413,SROIE,train,41,41,True,True,True,True,24,10,46,5,True,True,False,True,3,9,0,True,True,True
414,SROIE,train,46,46,True,True,True,True,31,11,58,7,True,False,False,True,3,0,0,True,True,True
415,SROIE,train,34,34,True,True,True,True,17,8,82,5,True,True,False,True,1,5,1,True,False,True
416,SROIE,train,46,46,True,True,True,True,34,8,81,5,True,True,False,True,3,9,0,True,False,True
417,SROIE,train,41,41,True,True,True,True,30,10,60,6,True,True,False,True,5,10,0,True,True,True
418,SROIE,train,44,44,True,True,True,True,22,10,82,5,True,True,False,True,1,9,0,True,True,True
419,SROIE,train,70,70,True,True,True,True,40,10,57,6,True,True,False,True,2,13,0,True,True,True
420,SROIE,train,41,41,True,True,True,True,34,8,47,4,True,True,True,True,2,7,0,True,False,True
421,SROIE,train,49,49,True,True,True,True,34,8,47,4,True,True,True,True,2,9,0,True,False,True
422,SROIE,train,62,62,True,True,True,True,26,10,113,5,True,True,False,True,1,19,0,True,False,True
423,SROIE,train,36,36,True,True,True,True,31,10,105,5,True,True,False,True,2,10,1,True,True,True
424,SROIE,train,39,39,True,True,True,True,30,11,73,5,True,True,False,True,1,4,0,True,False,True
425,SROIE,train,39,39,True,True,True,True,30,11,73,5,True,True,False,True,1,4,0,True,False,True
426,SROIE,train,69,69,True,True,True,True,16,10,81,5,True,True,False,True,3,14,0,True,False,True
427,SROIE,train,80,80,True,True,True,True,16,10,81,6,True,True,False,True,1,12,0,True,False,True
428,SROIE,train,39,39,True,True,True,True,30,11,73,5,True,True,False,True,1,4,0,True,False,True
429,SROIE,train,39,39,True,True,True,True,30,11,73,5,True,True,False,True,1,4,0,True,False,True
430,SROIE,train,38,38,True,True,True,True,30,11,73,5,True,True,False,True,1,4,0,True,False,True
431,SROIE,train,39,39,True,True,True,True,30,11,73,6,True,True,False,True,1,4,0,True,False,True
432,SROIE,train,34,34,True,True,True,True,30,11,73,5,True,True,False,True,3,3,0,True,False,True
433,SROIE,train,63,63,True,True,True,True,21,10,75,5,True,True,False,True,2,25,1,True,False,True
434,SROIE,train,52,52,True,True,True,True,33,8,62,5,True,True,False,True,2,12,0,True,False,True
435,SROIE,train,52,52,True,True,True,True,29,10,64,5,True,True,False,True,1,13,0,True,False,True
436,SROIE,train,44,44,True,True,True,True,30,11,73,6,True,True,False,True,2,5,0,True,False,True
437,SROIE,train,32,32,True,True,True,True,32,10,88,5,True,True,False,True,3,6,0,True,False,True
438,SROIE,train,43,43,True,True,True,True,30,11,73,5,True,True,False,True,1,5,0,True,False,True
439,SROIE,train,43,43,True,True,True,True,30,11,73,6,True,True,False,True,1,5,0,True,False,True
440,SROIE,train,75,75,True,True,True,True,31,8,56,4,True,True,False,True,1,12,0,True,True,True
441,SROIE,train,63,63,True,True,True,True,22,8,96,8,True,True,False,True,2,14,0,True,False,True
442,SROIE,train,37,37,True,True,True,True,22,8,96,7,True,True,False,True,1,4,0,True,False,True
443,SROIE,train,49,49,True,True,True,True,22,8,96,8,True,True,False,True,2,8,0,True,False,True
444,SROIE,train,57,57,True,True,True,True,22,8,96,8,True,True,False,True,1,9,0,True,False,True
445,SROIE,train,57,57,True,True,True,True,22,8,96,8,True,True,False,True,1,9,0,True,False,True
446,SROIE,train,50,50,True,True,True,True,22,8,96,5,True,True,False,True,0,11,0,True,False,True
447,SROIE,train,34,34,True,True,True,True,22,8,96,4,True,True,False,True,2,3,1,True,False,True
448,SROIE,train,36,36,True,True,True,True,22,8,96,5,True,True,False,True,1,3,1,True,False,True
449,SROIE,train,44,44,True,True,True,True,16,10,81,5,True,True,False,True,1,9,0,True,False,True
450,SROIE,train,51,51,True,True,True,True,22,8,96,5,True,True,False,True,0,9,1,True,False,True
451,SROIE,train,44,44,True,True,True,True,22,8,96,4,True,True,False,True,0,6,1,True,False,True
452,SROIE,train,49,49,True,True,True,True,14,11,93,5,True,True,False,True,2,11,0,True,False,True
453,SROIE,train,32,32,True,True,True,True,17,8,64,5,True,True,False,True,2,5,1,True,False,True
454,SROIE,train,46,46,True,True,True,True,33,10,86,5,True,True,False,True,2,10,1,True,False,True
455,SROIE,train,62,62,True,True,True,True,33,10,86,6,True,True,False,True,2,17,1,True,False,True
456,SROIE,train,55,55,True,True,True,True,33,10,86,5,True,True,False,True,2,14,1,True,False,True
457,SROIE,train,49,49,True,True,True,True,22,8,96,5,True,True,False,True,0,8,0,True,False,True
458,SROIE,train,42,42,True,True,True,True,10,10,72,5,True,True,True,True,2,9,0,True,True,True
459,SROIE,train,39,39,True,True,True,True,30,11,73,5,True,True,False,True,1,4,0,True,False,True
460,SROIE,train,66,66,True,True,True,True,34,10,48,4,True,True,False,True,1,19,1,True,True,True
461,SROIE,train,43,43,True,True,True,True,30,11,73,6,True,True,False,True,1,5,0,True,False,True
462,SROIE,train,74,74,True,True,True,True,37,10,96,6,True,True,False,True,1,29,0,True,True,True
463,SROIE,train,61,61,True,True,True,True,25,9,63,5,True,True,False,True,1,16,0,True,False,True
464,SROIE,train,40,40,True,True,True,True,32,10,58,5,True,True,True,True,1,7,0,True,False,True
465,SROIE,train,44,44,True,True,True,True,28,10,51,5,True,True,True,True,1,12,0,True,True,True
466,SROIE,train,47,47,True,True,True,True,32,10,88,5,True,True,False,True,2,10,0,True,False,True
467,SROIE,train,58,58,True,True,True,True,15,10,73,5,True,True,False,True,5,17,0,True,True,True
468,SROIE,train,45,45,True,True,True,True,22,10,76,5,True,True,False,True,2,10,0,True,False,True
469,SROIE,train,47,47,True,True,True,True,21,10,56,5,True,True,False,True,4,10,0,True,True,True
470,SROIE,train,51,51,True,True,True,True,21,10,56,5,True,True,False,True,3,11,0,True,True,True
471,SROIE,train,47,47,True,True,True,True,21,10,56,4,True,True,False,True,4,10,1,True,True,True
472,SROIE,train,46,46,True,True,True,True,21,10,56,4,True,True,False,True,4,10,0,True,True,True
473,SROIE,train,46,46,True,True,True,True,21,10,56,4,True,True,False,True,4,10,0,True,True,True
474,SROIE,train,53,53,True,True,True,True,21,10,56,4,True,True,False,True,0,11,0,True,True,True
475,SROIE,train,52,52,True,True,True,True,21,10,56,5,True,True,False,True,3,11,0,True,True,True
476,SROIE,train,45,45,True,True,True,True,21,10,56,4,True,True,False,True,5,10,0,True,True,True
477,SROIE,train,45,45,True,True,True,True,21,10,56,4,True,True,False,True,5,10,0,True,True,True
478,SROIE,train,46,46,True,True,True,True,21,10,56,4,True,True,False,True,4,10,0,True,True,True
479,SROIE,train,46,46,True,True,True,True,21,10,56,4,True,True,False,True,4,10,0,True,True,True
480,SROIE,train,53,53,True,True,True,True,21,10,56,5,True,True,False,True,4,11,1,True,True,True
481,SROIE,train,46,46,True,True,True,True,21,10,56,4,True,True,False,True,4,10,0,True,True,True
482,SROIE,train,53,53,True,True,True,True,21,10,56,5,True,True,False,True,3,11,0,True,True,True
483,SROIE,train,45,45,True,True,True,True,21,10,56,4,True,True,False,True,5,10,0,True,True,True
484,SROIE,train,52,52,True,True,True,True,21,10,56,4,True,True,False,True,3,11,0,True,True,True
485,SROIE,train,51,51,True,True,True,True,21,10,56,5,True,True,False,True,3,11,0,True,True,True
486,SROIE,train,46,46,True,True,True,True,21,10,56,4,True,True,False,True,4,10,0,True,True,True
487,SROIE,train,52,52,True,True,True,True,21,10,56,5,True,True,False,True,3,11,0,True,True,True
488,SROIE,train,43,43,True,True,True,True,21,10,56,4,True,True,False,True,4,10,0,True,True,True
489,SROIE,train,46,46,True,True,True,True,21,10,56,4,True,True,False,True,4,10,0,True,True,True
490,SROIE,train,46,46,True,True,True,True,21,10,56,4,True,True,False,True,4,10,0,True,True,True
491,SROIE,train,65,65,True,True,True,True,21,10,56,5,True,True,False,True,3,13,1,True,True,True
492,SROIE,train,45,45,True,True,True,True,21,10,56,5,True,True,False,True,5,10,0,True,True,True
493,SROIE,train,52,52,True,True,True,True,21,10,56,5,True,True,False,True,3,11,0,True,True,True
494,SROIE,train,47,47,True,True,True,True,21,10,56,5,True,True,False,True,4,10,0,True,True,True
495,SROIE,train,46,46,True,True,True,True,21,10,56,4,True,True,False,True,4,10,0,True,True,True
496,SROIE,train,46,46,True,True,True,True,21,10,56,4,True,True,False,True,4,10,0,True,True,True
497,SROIE,train,46,46,True,True,True,True,21,10,56,4,True,True,False,True,4,10,0,True,True,True
498,SROIE,train,46,46,True,True,True,True,21,10,56,4,True,True,False,True,5,10,0,True,True,True
499,SROIE,train,46,46,True,True,True,True,21,10,56,4,True,True,False,True,4,10,0,True,True,True
500,SROIE,train,52,52,True,True,True,True,21,10,56,4,True,True,False,True,4,11,1,True,True,True
501,SROIE,train,52,52,True,True,True,True,21,10,56,4,True,True,False,True,3,11,0,True,True,True
502,SROIE,train,56,56,True,True,True,True,21,10,56,5,True,True,False,True,3,12,1,True,True,True
503,SROIE,train,50,50,True,True,True,True,21,10,56,4,True,True,False,True,4,11,1,True,True,True
504,SROIE,train,50,50,True,True,True,True,21,10,56,4,True,True,False,True,5,11,1,True,True,True
505,SROIE,train,58,58,True,True,True,True,49,10,80,4,True,True,False,True,4,14,0,True,True,True
506,SROIE,train,57,57,True,True,True,True,49,10,80,5,True,True,False,True,5,14,0,True,True,True
507,SROIE,train,58,58,True,True,True,True,49,10,80,4,True,True,False,True,4,14,0,True,True,True
508,SROIE,train,58,58,True,True,True,True,49,10,80,5,True,True,False,True,5,14,0,True,True,True
509,SROIE,train,58,58,True,True,True,True,49,10,80,5,True,True,False,True,5,14,0,True,True,True
510,SROIE,train,57,57,True,True,True,True,49,10,80,5,True,True,False,True,3,14,0,True,True,True
511,SROIE,train,58,58,True,True,True,True,49,10,80,4,True,True,False,True,3,14,0,True,True,True
512,SROIE,train,57,57,True,True,True,True,49,10,80,5,True,True,False,True,3,14,0,True,True,True
513,SROIE,train,58,58,True,True,True,True,49,10,80,5,True,True,False,True,5,14,0,True,True,True
514,SROIE,train,64,64,True,True,True,True,49,10,80,4,True,True,False,True,2,17,0,True,True,True
515,SROIE,train,58,58,True,True,True,True,49,10,80,5,True,True,False,True,4,14,0,True,True,True
516,SROIE,train,63,63,True,True,True,True,19,10,90,5,True,True,False,True,2,21,0,True,True,True
517,SROIE,train,38,38,True,True,True,True,16,10,98,4,True,True,False,True,5,11,0,True,False,True
518,SROIE,train,56,56,True,True,True,True,18,10,84,8,True,True,True,True,2,2,0,True,True,True
519,SROIE,train,47,47,True,True,True,True,21,10,52,5,True,True,False,True,5,8,0,True,False,True
520,SROIE,train,41,41,True,True,True,True,30,11,73,6,True,True,False,True,1,4,0,True,False,True
521,SROIE,train,75,75,True,True,True,True,28,10,74,7,True,True,False,True,1,11,1,True,True,True
522,SROIE,train,45,45,True,True,True,True,30,11,73,6,True,True,False,True,1,4,0,True,False,True
523,SROIE,train,46,46,True,True,True,True,30,11,73,6,True,True,False,True,1,5,0,True,False,True
524,SROIE,train,75,75,True,True,True,True,28,10,74,7,True,True,False,True,1,11,1,True,True,True
525,SROIE,train,105,105,True,True,True,True,16,10,81,6,True,True,False,True,1,12,1,True,False,True
526,SROIE,train,41,41,True,True,True,True,30,11,73,6,True,True,False,True,1,4,0,True,False,True
527,SROIE,train,40,40,True,True,True,True,30,11,73,6,True,True,False,True,1,4,0,True,False,True
528,SROIE,train,70,70,True,True,True,True,33,8,61,5,True,True,False,True,3,15,0,True,False,True
529,SROIE,train,56,56,True,True,True,True,39,8,68,5,False,True,False,True,4,15,0,True,True,True
530,SROIE,train,79,79,True,True,True,True,22,10,81,5,True,True,False,True,5,26,0,True,True,True
531,SROIE,train,67,67,True,True,True,True,21,10,75,5,True,True,False,True,3,29,1,True,False,True
532,SROIE,train,42,42,True,True,True,True,16,10,59,7,True,True,False,True,4,0,1,True,False,True
533,SROIE,train,61,61,True,True,True,True,16,10,81,5,True,True,False,True,5,12,0,True,False,True
534,SROIE,train,141,141,True,True,True,True,24,10,70,6,True,True,False,True,5,76,1,True,True,True
535,SROIE,train,39,39,True,True,True,True,30,11,74,6,True,True,False,True,1,4,0,True,False,True
536,SROIE,train,39,39,True,True,True,True,30,11,74,6,True,True,False,True,1,4,0,True,False,True
537,SROIE,train,39,39,True,True,True,True,30,11,74,6,True,True,False,True,1,4,0,True,False,True
538,SROIE,train,60,60,True,True,True,True,28,10,74,7,True,True,False,True,1,10,0,True,True,True
539,SROIE,train,34,34,True,True,True,True,32,10,89,5,True,True,False,True,3,6,0,True,False,True
540,SROIE,train,43,43,True,True,True,True,30,11,73,6,True,True,False,True,1,5,0,True,False,True
541,SROIE,train,68,68,True,True,True,True,24,10,65,5,True,True,False,True,7,22,1,True,True,True
542,SROIE,train,65,65,True,True,True,True,35,10,101,5,True,True,False,True,2,14,0,True,True,True
543,SROIE,train,51,51,True,True,True,True,27,8,86,5,True,True,False,True,4,12,0,True,True,True
544,SROIE,train,57,57,True,True,True,True,20,10,83,5,True,True,False,True,2,22,1,True,True,False
545,SROIE,train,55,55,True,True,True,True,18,10,85,4,True,True,False,True,3,16,0,True,True,True
546,SROIE,train,54,54,True,True,True,True,18,10,85,4,True,True,False,True,3,15,0,True,True,True
547,SROIE,train,44,44,True,True,True,True,18,10,85,4,True,True,False,True,3,11,0,True,True,True
548,SROIE,train,49,49,True,True,True,True,18,10,85,5,True,True,False,True,3,13,0,True,True,True
549,SROIE,train,49,49,True,True,True,True,18,10,85,4,True,True,False,True,3,13,0,True,True,True
550,SROIE,train,35,35,True,True,True,True,32,10,88,5,True,True,False,True,2,8,0,True,False,True
551,SROIE,train,43,43,True,True,True,True,18,10,85,4,True,True,False,True,3,11,0,True,True,True
552,SROIE,train,44,44,True,True,True,True,18,10,85,4,True,True,False,True,3,11,0,True,True,True
553,SROIE,train,45,45,True,True,True,True,26,10,68,4,True,True,False,True,4,10,0,True,False,True
554,SROIE,train,35,35,True,True,True,True,22,8,96,4,True,True,False,True,2,4,0,True,False,True
555,SROIE,train,46,46,True,True,True,True,22,8,96,5,True,True,False,True,0,7,0,True,False,True
556,SROIE,train,39,39,True,True,True,True,18,10,85,4,True,True,False,True,5,8,0,True,True,True
557,SROIE,train,43,43,True,True,True,True,18,10,85,4,True,True,False,True,5,9,0,True,True,True
558,SROIE,train,52,52,True,True,True,True,18,10,85,4,True,True,False,True,5,14,0,True,True,True
559,SROIE,train,47,47,True,True,True,True,18,10,85,4,True,True,False,True,5,12,0,True,True,True
560,SROIE,train,47,47,True,True,True,True,18,10,85,4,True,True,False,True,5,12,0,True,True,True
561,SROIE,train,51,51,True,True,True,True,13,9,91,5,True,True,False,True,1,15,0,True,False,True
562,SROIE,train,45,45,True,True,True,True,23,10,66,5,True,True,False,True,7,9,1,True,True,True
563,SROIE,train,41,41,True,True,True,True,32,8,69,5,True,True,False,True,3,5,0,True,True,True
564,SROIE,train,43,43,True,True,True,True,13,8,67,6,True,True,False,True,3,5,0,True,True,True
565,SROIE,train,42,42,True,True,True,True,18,10,85,4,True,True,False,True,5,10,0,True,True,True
566,SROIE,train,52,52,True,True,True,True,18,10,85,4,True,True,False,True,5,14,0,True,True,True
567,SROIE,train,47,47,True,True,True,True,18,10,85,4,True,True,False,True,5,12,0,True,True,True
568,SROIE,train,47,47,True,True,True,True,18,10,85,4,True,True,False,True,5,12,0,True,True,True
569,SROIE,train,47,47,True,True,True,True,18,10,85,4,True,True,False,True,5,12,0,True,True,True
570,SROIE,train,52,52,True,True,True,True,18,10,85,4,True,True,False,True,5,14,0,True,True,True
571,SROIE,train,75,75,True,True,True,True,21,10,67,5,True,True,True,True,2,20,1,True,True,True
572,SROIE,train,35,35,True,True,True,True,27,8,96,4,True,True,False,True,2,4,0,True,False,True
573,SROIE,train,52,52,True,True,True,True,27,8,96,5,True,True,False,True,0,7,0,True,False,True
574,SROIE,train,27,27,True,True,True,True,17,8,87,5,True,True,False,True,2,3,1,True,False,True
575,SROIE,train,32,32,True,True,True,True,17,8,87,6,True,True,False,True,1,6,1,True,False,True
576,SROIE,train,33,33,True,True,True,True,17,8,87,5,True,True,False,True,1,6,1,True,False,True
577,SROIE,train,29,29,True,True,True,True,17,8,87,5,True,True,False,True,2,4,1,True,False,True
578,SROIE,train,29,29,True,True,True,True,17,8,87,5,True,True,False,True,2,3,1,True,False,True
579,SROIE,train,38,38,True,True,True,True,27,8,96,5,True,True,False,True,0,3,0,True,False,True
580,SROIE,train,34,34,True,True,True,True,27,8,128,5,True,True,False,True,2,3,0,True,False,True
581,SROIE,train,39,39,True,True,True,True,18,8,41,6,True,True,False,True,3,5,0,True,True,True
582,SROIE,train,54,54,True,True,True,True,25,8,60,5,True,True,False,True,2,13,0,True,True,True
583,SROIE,train,22,22,True,True,True,True,21,8,73,4,True,True,False,True,0,0,0,True,False,False
584,SROIE,train,24,24,True,True,True,True,21,8,73,4,True,True,False,True,0,0,0,True,False,True
585,SROIE,train,23,23,True,True,True,True,25,8,83,4,True,True,False,True,0,0,0,True,False,True
586,SROIE,train,46,46,True,True,True,True,25,10,62,5,True,True,False,True,5,10,0,True,True,True
587,SROIE,train,25,25,True,True,True,True,21,8,73,4,True,True,False,True,0,1,0,True,False,True
588,SROIE,train,52,52,True,True,True,True,22,8,96,4,True,True,False,True,0,8,0,True,False,True
589,SROIE,train,50,50,True,True,True,True,16,10,135,4,True,True,False,True,3,19,0,True,False,True
590,SROIE,train,51,51,True,True,True,True,17,10,71,5,True,True,False,True,1,16,0,True,True,True
591,SROIE,train,63,63,True,True,True,True,17,10,71,5,True,True,False,True,3,25,0,True,True,True
592,SROIE,train,38,38,True,True,True,True,35,10,66,5,True,True,False,True,2,16,0,True,True,True
593,SROIE,train,42,42,True,True,True,True,30,9,56,5,True,True,False,True,0,5,0,True,True,True
594,SROIE,train,28,28,True,True,True,True,17,8,87,5,True,True,False,True,2,4,1,True,False,True
595,SROIE,train,58,58,True,True,True,True,40,10,65,5,True,True,False,True,2,12,1,True,True,True
596,SROIE,train,54,54,True,True,True,True,40,10,66,5,True,True,False,True,5,11,1,True,True,True
597,SROIE,train,62,62,True,True,True,True,40,10,66,5,True,True,False,True,2,13,1,True,True,True
598,SROIE,train,62,62,True,True,True,True,40,10,66,6,True,True,False,True,2,13,1,True,True,True
599,SROIE,train,52,52,True,True,True,True,40,10,66,5,True,True,False,True,3,11,1,True,True,True
600,SROIE,train,49,49,True,True,True,True,20,10,92,4,True,True,False,True,1,15,1,True,False,True
601,SROIE,train,29,29,True,True,True,True,17,8,77,5,True,False,False,True,1,4,1,True,False,True
602,SROIE,train,77,77,True,True,True,True,21,10,45,5,True,True,False,True,4,18,0,True,True,True
603,SROIE,train,84,84,True,True,True,True,21,10,45,6,True,True,False,True,3,22,0,True,True,True
604,SROIE,train,78,78,True,True,True,True,21,10,45,6,True,True,False,True,4,18,0,True,True,True
605,SROIE,train,84,84,True,True,True,True,21,10,45,6,True,True,False,True,3,22,0,True,True,True
606,SROIE,train,83,83,True,True,True,True,21,10,45,6,True,True,False,True,3,21,0,True,True,True
607,SROIE,train,91,91,True,True,True,True,21,10,45,6,True,True,False,True,3,26,0,True,True,True
608,SROIE,train,92,92,True,True,True,True,21,10,46,6,True,True,False,True,3,26,0,True,True,True
609,SROIE,train,77,77,True,True,True,True,21,10,45,5,True,True,False,True,5,18,0,True,True,True
610,SROIE,train,53,53,True,True,True,True,34,10,49,5,True,True,False,True,3,10,0,True,True,True
611,SROIE,train,54,54,True,True,True,True,26,8,73,6,True,True,True,True,3,14,0,True,True,True
612,SROIE,train,50,50,True,True,True,True,15,10,59,6,True,True,False,True,4,12,1,True,True,True
613,SROIE,train,42,42,True,True,True,True,28,8,63,4,True,True,False,True,1,8,0,True,False,True
614,SROIE,train,23,23,True,True,True,True,29,10,57,8,True,True,False,True,4,0,1,True,False,True
615,SROIE,train,48,48,True,True,True,True,22,8,96,4,True,True,False,True,0,7,1,True,False,True
616,SROIE,train,53,53,True,True,True,True,39,10,81,5,True,True,False,True,3,16,0,True,True,True
617,SROIE,train,60,60,True,True,True,True,40,10,66,5,True,True,False,True,5,12,1,True,True,True
618,SROIE,train,50,50,True,True,True,True,40,10,65,5,True,True,False,True,5,10,1,True,True,True
619,SROIE,train,60,60,True,True,True,True,40,10,65,5,True,True,False,True,3,13,1,True,True,True
620,SROIE,train,58,58,True,True,True,True,40,10,65,5,True,True,False,True,5,12,1,True,True,True
621,SROIE,train,53,53,True,True,True,True,40,10,65,6,True,True,False,True,5,11,1,True,True,True
622,SROIE,train,50,50,True,True,True,True,40,10,66,5,True,True,False,True,5,10,1,True,True,True
623,SROIE,train,66,66,True,True,True,True,40,10,65,6,True,True,False,True,5,14,1,True,True,True
624,SROIE,train,45,45,True,True,True,True,26,10,61,6,True,True,False,True,5,11,0,True,True,True
625,SROIE,train,43,43,True,True,True,True,28,10,99,5,True,True,False,True,3,11,1,True,False,True
